,cell
0,LT_HSC_113
1,LT_HSC_173
2,LT_HSC_112
3,LT_HSC_172
4,LT_HSC_065
5,LT_HSC_174
6,LT_HSC_036
7,LT_HSC_195
8,LT_HSC_068
10,LT_HSC_146
11,LT_HSC_058
12,LT_HSC_194
14,LT_HSC_131
15,LT_HSC_164
16,LT_HSC_188
18,LT_HSC_125
20,LT_HSC_075
21,LT_HSC_210
22,LT_HSC_169
23,LT_HSC_167
25,LT_HSC_197
26,LT_HSC_081
28,LT_HSC_111
29,LT_HSC_165
30,LT_HSC_163
31,LT_HSC_057
32,LT_HSC_176
33,LT_HSC_110
35,LT_HSC_200
38,LT_HSC_212
39,LT_HSC_055
40,LT_HSC_115
41,LT_HSC_206
45,LT_HSC_183
46,LT_HSC_147
47,LT_HSC_214
49,LT_HSC_090
51,LT_HSC_073
54,LT_HSC_201
56,LT_HSC_179
58,LT_HSC_033
59,LT_HSC_213
60,LT_HSC_074
61,LT_HSC_137
62,LT_HSC_076
63,LT_HSC_177
66,LT_HSC_117
67,LT_HSC_130
68,LT_HSC_071
69,LT_HSC_170
71,LT_HSC_016
73,LT_HSC_138
74,LT_HSC_069
75,LT_HSC_123
79,LT_HSC_184
80,LT_HSC_124
83,LT_HSC_050
88,LT_HSC_207
89,LT_HSC_012
90,LT_HSC_022
91,LT_HSC_078
94,LT_HSC_208
96,LT_HSC_066
97,LT_HSC_041
98,LT_HSC_126
101,LT_HSC_215
102,LT_HSC_080
103,LT_HSC_004
104,LT_HSC_072
105,LT_HSC_171
107,LT_HSC_018
108,LT_HSC_198
109,LT_HSC_023
110,LT_HSC_193
111,LT_HSC_161
112,LT_HSC_093
116,LT_HSC_054
117,LT_HSC_152
118,LT_HSC_052
119,LT_HSC_009
120,LT_HSC_014
122,LT_HSC_034
123,LT_HSC_148
124,LT_HSC_046
127,LT_HSC_187
131,LT_HSC_015
134,LT_HSC_060
135,LT_HSC_028
136,LT_HSC_013
143,LT_HSC_001
147,LT_HSC_150
150,LT_HSC_156
154,LT_HSC_180
157,LT_HSC_166
158,LT_HSC_089
161,LT_HSC_043
168,LT_HSC_192
170,LT_HSC_086
177,LT_HSC_120
180,LT_HSC_191
182,LT_HSC_085
183,LT_HSC_094
190,LT_HSC_128
194,LT_HSC_211
195,LT_HSC_139
205,LT_HSC_145
207,LT_HSC_158
216,LT_HSC_039
218,LT_HSC_149
233,LT_HSC_017
245,LT_HSC_051
254,LT_HSC_103
255,LT_HSC_140
257,LT_HSC_109
263,LT_HSC_021
270,LT_HSC_132
305,LT_HSC_107
317,LT_HSC_031
323,LT_HSC_116
336,LT_HSC_002
348,LT_HSC_062
350,LT_HSC_096
361,LT_HSC_003
365,LT_HSC_144
481,LT_HSC_088
543,LT_HSC_010
561,LT_HSC_040
606,LT_HSC_026
628,LT_HSC_151
682,LT_HSC_049
687,LT_HSC_006
735,LT_HSC_114
742,LT_HSC_077
811,LT_HSC_020
832,LT_HSC_082
839,LT_HSC_122
844,LT_HSC_204
9,HSPC_095
13,HSPC_221
17,HSPC_386
19,HSPC_020
24,HSPC_740
34,HSPC_848
36,HSPC_502
37,HSPC_556
42,HSPC_087
43,HSPC_594
44,HSPC_681
48,HSPC_057
50,HSPC_724
52,HSPC_834
53,HSPC_665
55,HSPC_066
57,HSPC_590
64,HSPC_322
65,HSPC_742
70,HSPC_399
72,HSPC_191
76,HSPC_760
77,HSPC_738
78,HSPC_849
81,HSPC_640
82,HSPC_639
84,HSPC_390
85,HSPC_818
86,HSPC_578
87,HSPC_729
92,HSPC_120
93,HSPC_374
95,HSPC_457
99,HSPC_804
100,HSPC_520
106,HSPC_554
113,HSPC_821
114,HSPC_135
115,HSPC_749
121,HSPC_761
125,HSPC_514
126,HSPC_719
128,HSPC_786
129,HSPC_641
130,HSPC_597
132,HSPC_521
133,HSPC_075
137,HSPC_083
138,HSPC_359
139,HSPC_406
140,HSPC_546
141,HSPC_598
142,HSPC_822
144,HSPC_732
145,HSPC_701
146,HSPC_363
148,HSPC_423
149,HSPC_735
151,HSPC_798
152,HSPC_589
153,HSPC_669
155,HSPC_200
156,HSPC_585
159,HSPC_202
160,HSPC_431
162,HSPC_759
163,HSPC_772
164,HSPC_460
165,HSPC_111
166,HSPC_547
167,HSPC_512
169,HSPC_783
171,HSPC_533
172,HSPC_733
173,HSPC_595
174,HSPC_545
175,HSPC_727
176,HSPC_199
178,HSPC_714
179,HSPC_473
181,HSPC_824
184,HSPC_069
185,HSPC_453
186,HSPC_265
187,HSPC_652
188,HSPC_229
189,HSPC_017
191,HSPC_138
192,HSPC_500
193,HSPC_074
196,HSPC_751
197,HSPC_496
198,HSPC_835
199,HSPC_784
200,HSPC_415
201,HSPC_244
202,HSPC_060
203,HSPC_441
204,HSPC_365
206,HSPC_139
208,HSPC_762
209,HSPC_465
210,HSPC_483
211,HSPC_002
212,HSPC_462
213,HSPC_736
214,HSPC_461
217,HSPC_106
219,HSPC_662
220,HSPC_716
221,HSPC_576
222,HSPC_708
223,HSPC_171
224,HSPC_224
225,HSPC_667
226,HSPC_552
227,HSPC_549
228,HSPC_001
229,HSPC_472
230,HSPC_606
231,HSPC_480
232,HSPC_538
234,HSPC_795
235,HSPC_615
236,HSPC_613
237,HSPC_604
238,HSPC_219
239,HSPC_278
240,HSPC_432
241,HSPC_596
242,HSPC_826
243,HSPC_678
244,HSPC_813
246,HSPC_475
247,HSPC_781
248,HSPC_722
249,HSPC_119
250,HSPC_819
251,HSPC_725
252,HSPC_035
253,HSPC_264
256,HSPC_789
258,HSPC_661
259,HSPC_654
260,HSPC_420
261,HSPC_773
262,HSPC_764
264,HSPC_559
265,HSPC_562
266,HSPC_478
267,HSPC_293
268,HSPC_812
269,HSPC_493
271,HSPC_304
272,HSPC_446
273,HSPC_047
274,HSPC_799
275,HSPC_526
276,HSPC_505
277,HSPC_159
278,HSPC_744
279,HSPC_599
280,HSPC_803
281,HSPC_373
282,HSPC_230
283,HSPC_660
284,HSPC_024
286,HSPC_477
287,HSPC_046
288,HSPC_809
289,HSPC_324
290,HSPC_455
291,HSPC_380
292,HSPC_008
293,HSPC_836
294,HSPC_776
295,HSPC_255
296,HSPC_233
297,HSPC_198
298,HSPC_523
299,HSPC_626
300,HSPC_182
301,HSPC_510
302,HSPC_816
304,HSPC_440
306,HSPC_846
307,HSPC_126
308,HSPC_218
309,HSPC_321
310,HSPC_767
311,HSPC_298
312,HSPC_670
313,HSPC_286
314,HSPC_486
315,HSPC_149
316,HSPC_490
318,HSPC_449
319,HSPC_649
320,HSPC_765
321,HSPC_099
322,HSPC_532
324,HSPC_555
325,HSPC_838
326,HSPC_825
327,HSPC_315
328,HSPC_509
329,HSPC_402
330,HSPC_635
332,HSPC_249
333,HSPC_463
334,HSPC_524
335,HSPC_130
337,HSPC_326
338,HSPC_169
339,HSPC_614
341,HSPC_274
342,HSPC_314
343,HSPC_771
344,HSPC_466
345,HSPC_537
346,HSPC_237
347,HSPC_211
349,HSPC_810
351,HSPC_212
352,HSPC_607
354,HSPC_155
355,HSPC_185
356,HSPC_081
357,HSPC_031
358,HSPC_802
359,HSPC_750
360,HSPC_703
362,HSPC_335
363,HSPC_470
364,HSPC_248
366,HSPC_088
369,HSPC_269
370,HSPC_631
371,HSPC_328
372,HSPC_451
373,HSPC_560
374,HSPC_768
375,HSPC_422
376,HSPC_541
377,HSPC_021
378,HSPC_721
380,HSPC_350
381,HSPC_367
382,HSPC_161
383,HSPC_225
384,HSPC_240
385,HSPC_425
386,HSPC_447
387,HSPC_348
388,HSPC_141
389,HSPC_349
390,HSPC_623
391,HSPC_312
392,HSPC_118
393,HSPC_479
394,HSPC_018
396,HSPC_689
397,HSPC_076
398,HSPC_593
400,HSPC_305
402,HSPC_331
403,HSPC_297
404,HSPC_800
405,HSPC_115
406,HSPC_127
407,HSPC_717
409,HSPC_690
410,HSPC_301
411,HSPC_317
412,HSPC_491
413,HSPC_488
415,HSPC_136
416,HSPC_815
418,HSPC_403
419,HSPC_204
420,HSPC_172
421,HSPC_094
422,HSPC_535
423,HSPC_372
424,HSPC_325
426,HSPC_183
428,HSPC_706
429,HSPC_187
430,HSPC_610
431,HSPC_082
432,HSPC_398
433,HSPC_495
434,HSPC_382
436,HSPC_282
437,HSPC_696
438,HSPC_294
439,HSPC_079
442,HSPC_569
443,HSPC_283
445,HSPC_778
446,HSPC_181
447,HSPC_814
448,HSPC_747
449,HSPC_310
450,HSPC_164
452,HSPC_214
453,HSPC_232
454,HSPC_299
455,HSPC_302
456,HSPC_133
457,HSPC_376
458,HSPC_296
459,HSPC_140
460,HSPC_345
462,HSPC_144
463,HSPC_737
464,HSPC_065
465,HSPC_308
466,HSPC_787
467,HSPC_371
468,HSPC_544
469,HSPC_313
470,HSPC_731
471,HSPC_309
472,HSPC_055
473,HSPC_307
475,HSPC_151
476,HSPC_503
477,HSPC_522
478,HSPC_770
479,HSPC_142
480,HSPC_550
482,HSPC_833
483,HSPC_769
485,HSPC_766
486,HSPC_746
487,HSPC_419
488,HSPC_638
489,HSPC_077
490,HSPC_247
491,HSPC_266
492,HSPC_250
494,HSPC_231
495,HSPC_666
496,HSPC_320
497,HSPC_679
498,HSPC_287
499,HSPC_668
500,HSPC_071
502,HSPC_295
503,HSPC_027
504,HSPC_036
505,HSPC_034
506,HSPC_734
507,HSPC_292
508,HSPC_682
509,HSPC_263
510,HSPC_281
511,HSPC_253
512,HSPC_239
513,HSPC_658
514,HSPC_353
515,HSPC_243
517,HSPC_257
520,HSPC_165
521,HSPC_235
523,HSPC_327
524,HSPC_343
525,HSPC_280
526,HSPC_003
527,HSPC_341
528,HSPC_303
529,HSPC_796
530,HSPC_205
531,HSPC_271
532,HSPC_705
533,HSPC_101
534,HSPC_574
535,HSPC_485
536,HSPC_336
537,HSPC_210
539,HSPC_254
540,HSPC_288
541,HSPC_553
542,HSPC_346
544,HSPC_180
545,HSPC_407
546,HSPC_412
547,HSPC_053
550,HSPC_064
551,HSPC_774
552,HSPC_096
553,HSPC_043
554,HSPC_368
555,HSPC_154
556,HSPC_630
557,HSPC_400
558,HSPC_409
562,HSPC_333
563,HSPC_098
564,HSPC_698
565,HSPC_195
566,HSPC_175
567,HSPC_061
568,HSPC_837
569,HSPC_270
570,HSPC_528
571,HSPC_090
572,HSPC_601
573,HSPC_134
574,HSPC_683
575,HSPC_454
576,HSPC_131
577,HSPC_720
578,HSPC_070
579,HSPC_416
580,HSPC_387
582,HSPC_354
583,HSPC_392
584,HSPC_424
585,HSPC_290
586,HSPC_009
588,HSPC_707
589,HSPC_213
590,HSPC_841
591,HSPC_492
592,HSPC_012
594,HSPC_216
595,HSPC_777
597,HSPC_078
599,HSPC_026
601,HSPC_807
602,HSPC_806
603,HSPC_251
604,HSPC_050
605,HSPC_121
607,HSPC_089
608,HSPC_391
609,HSPC_117
610,HSPC_132
611,HSPC_791
612,HSPC_166
613,HSPC_222
614,HSPC_006
615,HSPC_025
616,HSPC_360
618,HSPC_045
619,HSPC_489
620,HSPC_068
621,HSPC_067
623,HSPC_757
624,HSPC_417
625,HSPC_663
626,HSPC_752
627,HSPC_080
629,HSPC_318
631,HSPC_289
632,HSPC_334
633,HSPC_306
634,HSPC_636
635,HSPC_352
636,HSPC_073
637,HSPC_108
639,HSPC_103
640,HSPC_644
641,HSPC_602
642,HSPC_704
644,HSPC_840
645,HSPC_577
646,HSPC_049
648,HSPC_016
649,HSPC_100
651,HSPC_699
652,HSPC_518
653,HSPC_123
654,HSPC_207
655,HSPC_177
656,HSPC_692
659,HSPC_543
660,HSPC_056
661,HSPC_788
663,HSPC_780
664,HSPC_426
665,HSPC_625
666,HSPC_291
667,HSPC_608
668,HSPC_551
669,HSPC_568
670,HSPC_695
673,HSPC_629
674,HSPC_508
675,HSPC_158
676,HSPC_785
677,HSPC_276
678,HSPC_634
679,HSPC_358
680,HSPC_620
681,HSPC_004
683,HSPC_467
684,HSPC_557
685,HSPC_339
686,HSPC_405
688,HSPC_174
689,HSPC_842
690,HSPC_575
692,HSPC_196
693,HSPC_028
695,HSPC_790
696,HSPC_208
697,HSPC_808
698,HSPC_680
699,HSPC_499
700,HSPC_657
701,HSPC_179
702,HSPC_627
703,HSPC_261
704,HSPC_176
705,HSPC_730
707,HSPC_482
708,HSPC_743
709,HSPC_827
710,HSPC_436
711,HSPC_041
712,HSPC_085
713,HSPC_058
714,HSPC_084
715,HSPC_023
716,HSPC_107
717,HSPC_497
718,HSPC_104
719,HSPC_125
720,HSPC_845
721,HSPC_603
722,HSPC_673
723,HSPC_633
724,HSPC_152
725,HSPC_745
726,HSPC_498
727,HSPC_054
728,HSPC_687
729,HSPC_579
730,HSPC_330
731,HSPC_646
732,HSPC_758
733,HSPC_548
734,HSPC_435
736,HSPC_246
737,HSPC_637
738,HSPC_037
739,HSPC_582
740,HSPC_851
741,HSPC_245
743,HSPC_015
746,HSPC_456
747,HSPC_672
748,HSPC_014
749,HSPC_753
750,HSPC_820
751,HSPC_828
752,HSPC_584
753,HSPC_656
754,HSPC_474
755,HSPC_617
756,HSPC_300
757,HSPC_042
758,HSPC_388
759,HSPC_643
760,HSPC_573
761,HSPC_801
762,HSPC_443
763,HSPC_612
764,HSPC_723
765,HSPC_664
766,HSPC_105
767,HSPC_173
768,HSPC_624
769,HSPC_051
770,HSPC_114
771,HSPC_592
772,HSPC_040
773,HSPC_628
775,HSPC_227
776,HSPC_504
777,HSPC_571
778,HSPC_671
779,HSPC_468
780,HSPC_540
781,HSPC_329
782,HSPC_831
783,HSPC_459
784,HSPC_539
785,HSPC_048
786,HSPC_618
787,HSPC_396
788,HSPC_122
789,HSPC_448
790,HSPC_450
791,HSPC_189
792,HSPC_794
793,HSPC_011
794,HSPC_756
795,HSPC_033
796,HSPC_844
797,HSPC_413
798,HSPC_516
799,HSPC_566
800,HSPC_586
801,HSPC_782
803,HSPC_676
804,HSPC_567
805,HSPC_702
806,HSPC_506
807,HSPC_748
808,HSPC_648
809,HSPC_843
810,HSPC_755
812,HSPC_507
813,HSPC_203
814,HSPC_444
815,HSPC_580
816,HSPC_383
817,HSPC_418
818,HSPC_267
819,HSPC_674
820,HSPC_442
821,HSPC_645
822,HSPC_852
823,HSPC_323
824,HSPC_170
825,HSPC_030
826,HSPC_153
827,HSPC_797
828,HSPC_832
829,HSPC_530
830,HSPC_471
831,HSPC_156
833,HSPC_515
834,HSPC_563
835,HSPC_162
836,HSPC_600
840,HSPC_192
841,HSPC_527
842,HSPC_178
843,HSPC_038
845,HSPC_494
846,HSPC_534
27,Prog_782
215,Prog_784
285,Prog_690
303,Prog_552
331,Prog_627
340,Prog_135
353,Prog_728
367,Prog_048
368,Prog_474
379,Prog_801
395,Prog_733
399,Prog_725
401,Prog_595
408,Prog_561
414,Prog_692
417,Prog_040
425,Prog_234
427,Prog_485
435,Prog_524
440,Prog_116
441,Prog_504
444,Prog_763
451,Prog_793
461,Prog_433
474,Prog_026
484,Prog_642
493,Prog_704
501,Prog_193
516,Prog_797
518,Prog_573
519,Prog_151
522,Prog_223
538,Prog_270
548,Prog_665
549,Prog_532
559,Prog_519
560,Prog_817
581,Prog_537
587,Prog_833
593,Prog_684
596,Prog_808
598,Prog_142
600,Prog_244
617,Prog_572
622,Prog_428
630,Prog_669
638,Prog_617
643,Prog_495
647,Prog_246
650,Prog_446
657,Prog_427
658,Prog_693
662,Prog_558
671,Prog_103
672,Prog_259
691,Prog_481
694,Prog_073
706,Prog_096
744,Prog_464
745,Prog_680
774,Prog_602
802,Prog_266
837,Prog_631
838,Prog_204
