,allNodes
0,1110008L16RIK
1,1700017B05RIK
2,1700066M21RIK
3,2210016F16RIK
4,2210016L21RIK
5,2310057M21RIK
6,2610301B20RIK
7,4833439L19RIK
8,4931406C07RIK
9,5430427O19RIK
10,6720489N17RIK
11,9430015G10RIK
12,9530068E07RIK
13,A130010J15RIK
14,A430033K04RIK
15,AAR2
16,ABCB10
17,ABCB4
18,ABCB8
19,ABCC5
20,ABCD1
21,ABCD2
22,ABCD3
23,ABCE1
24,ABCF3
25,ABCG2
26,ABCG3
27,ABCG4
28,ABHD13
29,ABHD16A
30,ABHD17B
31,ABI1
32,ABL1
33,ABL2
34,ABLIM1
35,ABR
36,ABTB1
37,ACAA2
38,ACAP1
39,ACCS
40,ACLY
41,ACOX1
42,ACOX3
43,ACSL5
44,ACSS1
45,ACSS2
46,ADA
47,ADAL
48,ADAM22
49,ADAMTS10
50,ADAMTSL5
51,ADAT1
52,ADCY7
53,ADD2
54,ADGRD1
55,ADGRG1
56,ADGRG3
57,ADGRL4
58,ADK
59,ADO
60,ADORA2A
61,ADSL
62,ADSSL1
63,AFAP1L1
64,AFDN
65,AFF3
66,AFG3L2
67,AGPS
68,AHCTF1
69,AHCYL1
70,AI597479
71,AK1
72,AK3
73,AKNA
74,ALAD
75,ALAS1
76,ALCAM
77,ALDH18A1
78,ALDH1A1
79,ALDH1A7
80,ALDH9A1
81,ALDOC
82,ALG11
83,ALG9
84,ALKBH8
85,ALS2CL
86,AMIGO2
87,AMPD2
88,AMPD3
89,ANAPC2
90,ANAPC4
91,ANGPT1
92,ANK
93,ANKFY1
94,ANKLE1
95,ANKRD13D
96,ANKRD27
97,ANKRD33B
98,ANKRD44
99,ANLN
100,ANO10
101,ANTXR2
102,ANXA1
103,ANXA2
104,ANXA3
105,ANXA4
106,ANXA5
107,ANXA6
108,ANXA9
109,AP1B1
110,AP1G2
111,AP1M1
112,AP1S2
113,AP3S1
114,AP5M1
115,AP5Z1
116,APBB1
117,APEH
118,API5
119,APLP2
120,APOE
121,APP
122,APPL1
123,APPL2
124,AQP1
125,AQP9
126,ARAP1
127,ARCN1
128,ARFGEF2
129,ARHGAP12
130,ARHGAP15
131,ARHGAP18
132,ARHGAP19
133,ARHGAP25
134,ARHGAP27
135,ARHGAP29
136,ARHGAP4
137,ARHGDIB
138,ARHGEF18
139,ARHGEF28
140,ARHGEF3
141,ARHGEF39
142,ARHGEF6
143,ARID2
144,ARID5A
145,ARL11
146,ARL6IP6
147,ARL8B
148,ARMC8
149,ARMT1
150,ARPP21
151,ARRDC4
152,ART4
153,ARVCF
154,ASAH1
155,ASB8
156,ASF1B
157,ASNS
158,ASPH
159,ASPM
160,ATAD1
161,ATAD2
162,ATG12
163,ATG16L1
164,ATG16L2
165,ATG4B
166,ATL2
167,ATP10A
168,ATP11A
169,ATP11C
170,ATP13A1
171,ATP1A3
172,ATP1B2
173,ATP1B3
174,ATP2A3
175,ATP5B
176,ATP5F1
177,ATP5G1
178,ATP5G3
179,ATP6AP1
180,ATP6AP2
181,ATP7B
182,ATP8A1
183,ATP8B4
184,ATPIF1
185,ATRN
186,AURKA
187,AURKB
188,AXL
189,B230219D22RIK
190,B2M
191,B3GNT5
192,B4GALT4
193,B4GALT6
194,BACE1
195,BAG2
196,BANK1
197,BAP1
198,BATF2
199,BBS12
200,BC005561
201,BC035044
202,BCAP29
203,BCAS3
204,BCL2
205,BCLAF3
206,BDH2
207,BGN
208,BID
209,BIN2
210,BIRC5
211,BLNK
212,BLVRB
213,BLZF1
214,BMI1
215,BMPR2
216,BPIFB5
217,BPIFC
218,BRAT1
219,BSG
220,BTAF1
221,BTBD10
222,BTG2
223,BTK
224,BTLA
225,BTNL9
226,BTRC
227,BUB1
228,BUB1B
229,BUB3
230,BYSL
231,BZW1
232,C1QBP
233,C1QTNF12
234,C1RL
235,C3
236,C330018D20RIK
237,CACFD1
238,CACYBP
239,CAD
240,CADPS2
241,CALCRL
242,CALR
243,CALU
244,CAMK1
245,CAMK1D
246,CAMK2B
247,CAMK2D
248,CAMKK1
249,CAMSAP2
250,CAND2
251,CANX
252,CAPG
253,CAPN2
254,CAPN7
255,CAR1
256,CAR2
257,CARD11
258,CARD6
259,CARHSP1
260,CASP1
261,CASP12
262,CASP3
263,CASP4
264,CASP9
265,CAST
266,CAT
267,CAV2
268,CAVIN2
269,CBFB
270,CBX5
271,CBX7
272,CCDC112
273,CCDC136
274,CCDC137
275,CCDC186
276,CCDC50
277,CCDC93
278,CCL3
279,CCL4
280,CCL6
281,CCL9
282,CCNA2
283,CCNB1
284,CCNB2
285,CCND3
286,CCNE1
287,CCNE2
288,CCNF
289,CCNG1
290,CCNG2
291,CCR2
292,CCR7
293,CCR9
294,CCT2
295,CCT6A
296,CCT8
297,CD1D1
298,CD200
299,CD200R1
300,CD244A
301,CD24A
302,CD27
303,CD274
304,CD300A
305,CD33
306,CD34
307,CD38
308,CD44
309,CD48
310,CD52
311,CD53
312,CD55
313,CD63
314,CD68
315,CD69
316,CD7
317,CD74
318,CD79B
319,CD81
320,CD82
321,CD84
322,CD9
323,CD93
324,CD99L2
325,CDC20
326,CDC42EP4
327,CDC45
328,CDC6
329,CDC7
330,CDCA3
331,CDCA4
332,CDCA5
333,CDCA7
334,CDCA8
335,CDCP1
336,CDK1
337,CDK17
338,CDK18
339,CDK19
340,CDK6
341,CDKN1A
342,CDKN1C
343,CDT1
344,CELA1
345,CENPA
346,CENPE
347,CENPF
348,CENPI
349,CENPK
350,CENPO
351,CEP55
352,CEP70
353,CEPT1
354,CERK
355,CERS4
356,CERS5
357,CERS6
358,CES2G
359,CFP
360,CHAMP1
361,CHCHD10
362,CHCHD2
363,CHIC1
364,CHIL5
365,CHMP3
366,CHMP7
367,CHORDC1
368,CHP1
369,CHRNB1
370,CHST10
371,CHST11
372,CHST2
373,CHUK
374,CIP2A
375,CIPC
376,CISH
377,CITED4
378,CKAP2
379,CKAP2L
380,CKAP5
381,CKS1B
382,CKS2
383,CLCA3A1
384,CLCF1
385,CLCN3
386,CLCN4
387,CLDN12
388,CLDN13
389,CLDN15
390,CLEC12A
391,CLEC14A
392,CLEC1A
393,CLEC2I
394,CLEC4D
395,CLEC4E
396,CLEC5A
397,CLIC4
398,CLIP3
399,CLN5
400,CLPTM1L
401,CLPX
402,CLTC
403,CLU
404,CMAH
405,CMPK2
406,CNIH1
407,CNN2
408,CNN3
409,CNOT10
410,CNOT7
411,CNP
412,CNR2
413,CNRIP1
414,CNST
415,COA5
416,COBLL1
417,COG6
418,COG7
419,COL4A1
420,COL4A2
421,COL5A1
422,COLGALT1
423,COMT
424,COPB1
425,COPB2
426,COPG1
427,COPG2
428,COPS8
429,COQ8A
430,CORO1A
431,CORO2B
432,CORO7
433,COX4I1
434,COX6A1
435,COX6A2
436,COX6B1
437,COX7A2
438,COX7B
439,CPA3
440,CPNE8
441,CPOX
442,CPQ
443,CPT1A
444,CPT2
445,CPTP
446,CPXM1
447,CRACR2B
448,CRBN
449,CREB5
450,CREBRF
451,CRIP1
452,CRIP2
453,CRISPLD1
454,CRK
455,CRLF3
456,CRNKL1
457,CRY2
458,CRYZL2
459,CS
460,CSAD
461,CSE1L
462,CSF1R
463,CSF2RB
464,CSF3R
465,CSGALNACT1
466,CSGALNACT2
467,CSRP3
468,CST3
469,CST7
470,CSTF1
471,CSTF2
472,CTC1
473,CTLA2A
474,CTLA2B
475,CTNNA1
476,CTNNAL1
477,CTNND2
478,CTPS
479,CTR9
480,CTSB
481,CTSC
482,CTSD
483,CTSE
484,CTSF
485,CTSG
486,CTSH
487,CTSL
488,CTSO
489,CTSS
490,CTSW
491,CTSZ
492,CTTN
493,CUL2
494,CUL3
495,CUL4A
496,CX3CL1
497,CYB5R1
498,CYB5R3
499,CYBC1
500,CYC1
501,CYFIP2
502,CYP20A1
503,CYP26B1
504,CYP2J6
505,CYP2J9
506,CYP4V3
507,CYTH3
508,CYTH4
509,CYTIP
510,D10WSU102E
511,D1ERTD622E
512,D230025D16RIK
513,D630039A03RIK
514,DACH1
515,DAPP1
516,DARS
517,DCAF11
518,DCAF13
519,DCAF4
520,DCK
521,DCP1A
522,DCTD
523,DDHD2
524,DDIAS
525,DDOST
526,DDX1
527,DDX11
528,DDX20
529,DDX21
530,DDX31
531,DDX39
532,DDX4
533,DDX58
534,DDX60
535,DECR1
536,DECR2
537,DEF8
538,DEK
539,DENND1C
540,DENND2D
541,DEPP1
542,DGKA
543,DGLUCY
544,DHFR
545,DHRS3
546,DHX32
547,DHX33
548,DHX35
549,DHX40
550,DIAPH2
551,DIS3L
552,DIS3L2
553,DKC1
554,DLST
555,DMD
556,DNAJC10
557,DNAJC11
558,DNAJC5
559,DNAJC9
560,DNM1L
561,DNPEP
562,DOCK10
563,DOCK11
564,DOCK2
565,DOK2
566,DOP1B
567,DPH2
568,DPH6
569,DPP7
570,DPP8
571,DPY19L1
572,DPY19L3
573,DPY19L4
574,DRAM2
575,DRC7
576,DTL
577,DUS1L
578,DUSP1
579,DUSP2
580,DUSP5
581,DUSP6
582,DUT
583,DYM
584,DYNC2LI1
585,DYNLL1
586,DYNLT3
587,E2F4
588,E2F6
589,E2F8
590,EAF1
591,EBI3
592,ECE1
593,ECT2
594,EDC3
595,EDEM1
596,EDRF1
597,EEF1E1
598,EEPD1
599,EFCC1
600,EFNA1
601,EFTUD2
602,EGR1
603,EHD3
604,EHHADH
605,EIF1A
606,EIF1AD
607,EIF2B1
608,EIF2S1
609,EIF3A
610,EIF3B
611,EIF3G
612,EIF4EBP1
613,EIF4ENIF1
614,EIF5A
615,ELAC2
616,ELANE
617,ELF1
618,ELL2
619,ELMO1
620,ELMO3
621,ELMOD2
622,ELOVL1
623,ELOVL5
624,ELP2
625,ELP3
626,EMB
627,EMCN
628,EMID1
629,EMILIN1
630,EMILIN2
631,EML4
632,EMP1
633,ENDOD1
634,ENG
635,ENPP4
636,ENPP5
637,EPB41L4B
638,EPB42
639,EPDR1
640,EPHX1
641,EPOR
642,EPRS
643,EPS15
644,EPS8
645,EPSTI1
646,EPX
647,ERCC4
648,ERCC8
649,ERGIC1
650,ERLIN1
651,ERLIN2
652,ERMAP
653,ERP29
654,ESAM
655,ESCO2
656,ESR1
657,ESYT2
658,ETF1
659,ETNK1
660,EVI2A
661,EXOC3
662,EXOC4
663,EXOC6B
664,EXT2
665,EYA1
666,EYA2
667,EZR
668,F10
669,F11R
670,F13A1
671,F2R
672,F2RL3
673,F830016B08RIK
674,FAAH
675,FAAP100
676,FADS1
677,FADS3
678,FAM102A
679,FAM102B
680,FAM107B
681,FAM110C
682,FAM111A
683,FAM126A
684,FAM136A
685,FAM160B2
686,FAM168B
687,FAM171A1
688,FAM185A
689,FAM189B
690,FAM214A
691,FAM234B
692,FAM45A
693,FAM49A
694,FAM76B
695,FAM91A1
696,FAR1
697,FARSB
698,FASTKD2
699,FASTKD3
700,FBXL4
701,FBXO3
702,FBXO30
703,FBXO34
704,FBXO5
705,FBXW11
706,FBXW5
707,FCER1G
708,FCGR2B
709,FCGR3
710,FCGRT
711,FCHO2
712,FCHSD2
713,FCRL1
714,FDFT1
715,FECH
716,FEM1A
717,FEM1B
718,FER
719,FES
720,FGD2
721,FGD4
722,FGD5
723,FGF3
724,FGFR1OP
725,FGFR3
726,FGFRL1
727,FGGY
728,FGL2
729,FHL1
730,FIGNL1
731,FKBP1A
732,FKBP4
733,FKBP9
734,FKTN
735,FLNA
736,FLNB
737,FLOT2
738,FLT3
739,FLVCR1
740,FMNL2
741,FMO5
742,FNDC3A
743,FNDC3B
744,FNTA
745,FOS
746,FOXO1
747,FOXRED1
748,FPGS
749,FRMD6
750,FRRS1
751,FSTL1
752,FTSJ1
753,FTSJ3
754,FUCA2
755,FUT4
756,FUT7
757,FUT8
758,FZR1
759,G2E3
760,G6PDX
761,GAA
762,GAB1
763,GABBR1
764,GABRE
765,GALK2
766,GALNS
767,GALNT11
768,GALNT6
769,GANAB
770,GARS
771,GAS2L3
772,GAS6
773,GATA1
774,GATA2
775,GATM
776,GBE1
777,GBP10
778,GBP2
779,GBP3
780,GBP4
781,GBP5
782,GBP7
783,GBP8
784,GBP9
785,GCAT
786,GCDH
787,GCLC
788,GCLM
789,GCNT2
790,GDA
791,GDAP2
792,GDF3
793,GEM
794,GEMIN5
795,GFI1
796,GFI1B
797,GFM1
798,GGT5
799,GGTA1
800,GHR
801,GIMAP1
802,GIMAP3
803,GIMAP4
804,GIMAP5
805,GIMAP6
806,GIMAP8
807,GJA1
808,GK
809,GLIPR2
810,GLRX5
811,GM12185
812,GM12250
813,GM1966
814,GM2A
815,GM3604
816,GM4951
817,GM5111
818,GM5431
819,GM973
820,GMCL1
821,GMFB
822,GMNN
823,GMPR
824,GMPS
825,GNA11
826,GNA13
827,GNA14
828,GNAI3
829,GNB4
830,GNG11
831,GNG12
832,GNG2
833,GNL3
834,GNPDA1
835,GOLIM4
836,GOLM1
837,GOLPH3
838,GOLT1B
839,GORASP1
840,GOSR2
841,GP5
842,GP9
843,GPC1
844,GPKOW
845,GPR107
846,GPR146
847,GPR160
848,GPR171
849,GPR18
850,GPR180
851,GPR19
852,GPR4
853,GPR65
854,GPRASP1
855,GPRASP2
856,GPRC5B
857,GPSM1
858,GPSM2
859,GPX1
860,GPX3
861,GRAMD1A
862,GRIA3
863,GRINA
864,GRK3
865,GRN
866,GSAP
867,GSKIP
868,GSN
869,GSR
870,GSS
871,GSTM1
872,GSTM5
873,GSTT1
874,GTF2E1
875,GTF2F1
876,GTF2H1
877,GTF3C3
878,GUCD1
879,GUCY1A1
880,GUSB
881,GYG
882,GYPA
883,GYPC
884,GYS1
885,H1F0
886,H2-AA
887,H2-DMA
888,H2-DMB1
889,H2-EB1
890,H2-M3
891,H2-OB
892,H2-Q6
893,H2-Q7
894,H2AFX
895,H2AFY
896,HAAO
897,HACD3
898,HACD4
899,HACE1
900,HAGH
901,HARS
902,HARS2
903,HASPIN
904,HAT1
905,HAUS2
906,HBA-A1
907,HBA-A2
908,HBB-BS
909,HBB-BT
910,HCFC1
911,HCFC2
912,HCK
913,HCLS1
914,HDAC11
915,HDAC2
916,HDAC7
917,HDC
918,HDGF
919,HDGFL3
920,HEATR5A
921,HEBP1
922,HECTD3
923,HELLS
924,HEMGN
925,HERC4
926,HERPUD1
927,HEXA
928,HGFAC
929,HGSNAT
930,HID1
931,HIF3A
932,HIPK3
933,HIST1H1C
934,HIST1H2BC
935,HIST1H4D
936,HJURP
937,HK3
938,HLF
939,HMBS
940,HMGB2
941,HMGB3
942,HMMR
943,HNF4A
944,HNMT
945,HNRNPAB
946,HNRNPDL
947,HNRNPLL
948,HOOK3
949,HOXA9
950,HP
951,HPCAL1
952,HPN
953,HPSE
954,HSD11B1
955,HSD3B7
956,HSDL1
957,HSP90AA1
958,HSP90B1
959,HSPA1A
960,HSPA4
961,HSPA4L
962,HSPA5
963,HSPA8
964,HSPA9
965,HSPD1
966,HSPE1
967,HSPH1
968,HUS1
969,HYOU1
970,I830077J02RIK
971,IARS
972,IARS2
973,ICA1
974,ICAM1
975,ICE1
976,ICE2
977,ICOS
978,IDH1
979,IDH3A
980,IER3
981,IFI203
982,IFI209
983,IFI213
984,IFI27
985,IFI27L2A
986,IFI30
987,IFI44
988,IFI47
989,IFIT1
990,IFIT3
991,IFITM1
992,IFITM3
993,IFITM6
994,IFNGR1
995,IFRD2
996,IFT140
997,IGDCC4
998,IGF1
999,IGFBP4
1000,IGSF6
1001,IGTP
1002,IIGP1
1003,IKBKE
1004,IKZF1
1005,IKZF2
1006,IL12A
1007,IL15
1008,IL17RA
1009,IL17RB
1010,IL17RE
1011,IL18BP
1012,IL18RAP
1013,IL1R1
1014,IL1RL1
1015,IL21R
1016,IL27RA
1017,IL31RA
1018,IL4RA
1019,IL6ST
1020,IL7
1021,IL7R
1022,ILVBL
1023,IMMT
1024,INCENP
1025,INHBA
1026,INKA1
1027,INO80D
1028,INPP1
1029,INPP5B
1030,INSL6
1031,INSRR
1032,INTS11
1033,INTS13
1034,INTS4
1035,INTS6
1036,INTS8
1037,IPO13
1038,IPO4
1039,IPO9
1040,IRAK2
1041,IRAK3
1042,IRF1
1043,IRF5
1044,IRF6
1045,IRF7
1046,IRF8
1047,IRF9
1048,IRGM2
1049,ISG20
1050,ISLR
1051,ISYNA1
1052,ITFG1
1053,ITGA5
1054,ITGA6
1055,ITGAL
1056,ITGAM
1057,ITGB1
1058,ITGB5
1059,ITGB7
1060,ITIH5
1061,ITM2A
1062,ITPR1
1063,ITPR2
1064,ITSN1
1065,JAK2
1066,JAK3
1067,JAM2
1068,JAM3
1069,JARID2
1070,JCHAIN
1071,JMJD4
1072,JMY
1073,JPT1
1074,JPT2
1075,JUN
1076,KAT7
1077,KAZALD1
1078,KBTBD11
1079,KCNG1
1080,KCNK5
1081,KCTD12
1082,KCTD20
1083,KCTD9
1084,KDM7A
1085,KDM8
1086,KEL
1087,KIDINS220
1088,KIF11
1089,KIF13A
1090,KIF17
1091,KIF18A
1092,KIF20B
1093,KIF22
1094,KIF2C
1095,KIF3B
1096,KIT
1097,KLF1
1098,KLF3
1099,KLF6
1100,KLHDC8B
1101,KLHL12
1102,KLHL22
1103,KLHL23
1104,KLHL24
1105,KLHL4
1106,KLHL6
1107,KLRD1
1108,KMO
1109,KNL1
1110,KNSTRN
1111,KPNA1
1112,KPNA3
1113,KRT18
1114,KRT7
1115,KYAT1
1116,L2HGDH
1117,LACTB
1118,LAG3
1119,LANCL2
1120,LAP3
1121,LAPTM4B
1122,LAPTM5
1123,LARS2
1124,LAX1
1125,LBHD1
1126,LBP
1127,LCK
1128,LCN2
1129,LCP1
1130,LCP2
1131,LDAH
1132,LDHA
1133,LDHB
1134,LDHD
1135,LDLR
1136,LDLRAD3
1137,LEPROT
1138,LGALS1
1139,LGALS3BP
1140,LGALS9
1141,LHCGR
1142,LHFPL2
1143,LIG1
1144,LIMD2
1145,LLGL1
1146,LMBRD1
1147,LMNA
1148,LMO4
1149,LONP1
1150,LONP2
1151,LPCAT1
1152,LPCAT2
1153,LPCAT3
1154,LPIN1
1155,LPIN2
1156,LPP
1157,LRPAP1
1158,LRRC14
1159,LRRC49
1160,LRRC59
1161,LRRC8B
1162,LRRC8C
1163,LRRFIP1
1164,LSP1
1165,LTB
1166,LTB4R1
1167,LY6A
1168,LY6C2
1169,LY6E
1170,LY6G
1171,LY86
1172,LY9
1173,LYN
1174,LYRM4
1175,LYRM9
1176,LYSMD3
1177,LYZ2
1178,LZTR1
1179,LZTS1
1180,MAD2L1
1181,MAGED2
1182,MAGEE1
1183,MAGEH1
1184,MAMDC2
1185,MAML2
1186,MAML3
1187,MAN1A
1188,MAN2A2
1189,MANEA
1190,MAP4K2
1191,MAPK1
1192,MAPK8IP3
1193,MAPK9
1194,MAPKAPK3
1195,MARCH5
1196,MARCH6
1197,MARCH8
1198,MARS
1199,MARVELD1
1200,MAT2A
1201,MAU2
1202,MAVS
1203,MBNL3
1204,MBOAT2
1205,MBTPS1
1206,MC5R
1207,MCEMP1
1208,MCM10
1209,MCM2
1210,MCM3
1211,MCM4
1212,MCM5
1213,MCM6
1214,MCM7
1215,MCOLN2
1216,MCPT8
1217,MCTP1
1218,MCTP2
1219,MDGA1
1220,MDH2
1221,MDN1
1222,ME2
1223,MECOM
1224,MED16
1225,MED22
1226,MEF2C
1227,MEFV
1228,MEIS1
1229,MEMO1
1230,MESD
1231,METAP1
1232,METAP1D
1233,METAP2
1234,METTL15
1235,METTL25
1236,METTL27
1237,METTL7A1
1238,METTL8
1239,MEX3C
1240,MFGE8
1241,MFN2
1242,MFNG
1243,MFSD1
1244,MFSD10
1245,MFSD14B
1246,MFSD2B
1247,MFSD6
1248,MFSD8
1249,MGAT1
1250,MGAT5
1251,MGLL
1252,MGST3
1253,MICU1
1254,MIEF1
1255,MIGA2
1256,MINPP1
1257,MIOS
1258,MIS12
1259,MIS18BP1
1260,MKI67
1261,MLH3
1262,MLKL
1263,MLLT3
1264,MLPH
1265,MMRN1
1266,MN1
1267,MNDAL
1268,MNS1
1269,MOGS
1270,MON2
1271,MORC2A
1272,MORC3
1273,MORF4L2
1274,MPDZ
1275,MPEG1
1276,MPI
1277,MPL
1278,MPND
1279,MPO
1280,MPP5
1281,MPZL1
1282,MR1
1283,MRM1
1284,MRPL20
1285,MRPL37
1286,MS4A2
1287,MS4A3
1288,MS4A4B
1289,MS4A4C
1290,MS4A6B
1291,MS4A6C
1292,MSH6
1293,MT1
1294,MT2
1295,MTAP
1296,MTCH2
1297,MTFR1
1298,MTHFD1
1299,MTMR1
1300,MTMR4
1301,MTMR6
1302,MTO1
1303,MTOR
1304,MTR
1305,MTREX
1306,MTURN
1307,MTUS1
1308,MUC13
1309,MXD3
1310,MYADM
1311,MYB
1312,MYC
1313,MYCN
1314,MYCT1
1315,MYH10
1316,MYL10
1317,MYLIP
1318,MYLK
1319,MYLK3
1320,MYNN
1321,MYO1D
1322,MYO1F
1323,MYO1G
1324,MYO5A
1325,MYO5C
1326,MYOF
1327,N4BP3
1328,NAA30
1329,NAA35
1330,NAA50
1331,NABP1
1332,NADK
1333,NAE1
1334,NAGA
1335,NAGLU
1336,NAIP5
1337,NAMPT
1338,NAP1L3
1339,NAPG
1340,NAPRT
1341,NAPSA
1342,NARF
1343,NARFL
1344,NARS
1345,NASP
1346,NAV1
1347,NBEAL2
1348,NCAPD2
1349,NCAPG
1350,NCAPG2
1351,NCAPH
1352,NCEH1
1353,NCF1
1354,NCKAP1
1355,NCL
1356,NCLN
1357,NCOA6
1358,NDC1
1359,NDC80
1360,NDE1
1361,NDEL1
1362,NDN
1363,NDNF
1364,NDOR1
1365,NDRG1
1366,NDRG2
1367,NDRG3
1368,NDST2
1369,NDUFA10
1370,NDUFB9
1371,NDUFS1
1372,NDUFV1
1373,NECAP2
1374,NEDD1
1375,NEIL3
1376,NEK1
1377,NEK2
1378,NEK6
1379,NEK8
1380,NELFB
1381,NEO1
1382,NET1
1383,NEURL3
1384,NFAM1
1385,NFAT5
1386,NFATC1
1387,NFATC2
1388,NFE2
1389,NFE2L2
1390,NFIA
1391,NFKBIA
1392,NFKBIE
1393,NFXL1
1394,NGLY1
1395,NHP2
1396,NICN1
1397,NIF3L1
1398,NIT1
1399,NKG7
1400,NLRC3
1401,NMD3
1402,NMT2
1403,NOC4L
1404,NOL4L
1405,NOL9
1406,NOLC1
1407,NOP2
1408,NOTCH1
1409,NOXA1
1410,NPDC1
1411,NPLOC4
1412,NPM1
1413,NPR2
1414,NPRL3
1415,NPTN
1416,NR2C1
1417,NR3C2
1418,NRF1
1419,NRROS
1420,NRXN1
1421,NSD2
1422,NSDHL
1423,NSMAF
1424,NSMF
1425,NSUN2
1426,NSUN3
1427,NT5C2
1428,NT5C3
1429,NT5DC1
1430,NUAK2
1431,NUBP2
1432,NUCB2
1433,NUDCD1
1434,NUDCD3
1435,NUDT12
1436,NUDT19
1437,NUDT4
1438,NUDT9
1439,NUF2
1440,NUP107
1441,NUP155
1442,NUP85
1443,NUP88
1444,NUP93
1445,NUPR1
1446,NUS1
1447,NUSAP1
1448,NWD1
1449,NXPE2
1450,OAS1B
1451,OAS1G
1452,OAS2
1453,OAS3
1454,OASL1
1455,OASL2
1456,OAT
1457,OBSCN
1458,OBSL1
1459,OCLN
1460,ODC1
1461,OLR1
1462,OPTN
1463,ORC2
1464,ORC5
1465,ORC6
1466,OSBPL1A
1467,OSBPL8
1468,OSGIN1
1469,OSGIN2
1470,OSTM1
1471,OTUB2
1472,OTUD4
1473,OTUD6B
1474,OTULINL
1475,P2RX1
1476,P2RY1
1477,P2RY14
1478,P3H1
1479,P4HB
1480,PA2G4
1481,PABPC4L
1482,PACS1
1483,PACSIN2
1484,PADI4
1485,PAFAH1B2
1486,PAFAH2
1487,PAG1
1488,PAK1
1489,PALLD
1490,PANX1
1491,PAPSS2
1492,PAQR5
1493,PAQR7
1494,PAQR9
1495,PARD3B
1496,PARM1
1497,PARP3
1498,PARP8
1499,PARVG
1500,PATJ
1501,PATL1
1502,PBK
1503,PBLD2
1504,PBX1
1505,PCCA
1506,PCLAF
1507,PCMTD2
1508,PCNA
1509,PCP4L1
1510,PCYT1A
1511,PCYT2
1512,PDCD4
1513,PDE12
1514,PDE1B
1515,PDE1C
1516,PDE4B
1517,PDE4D
1518,PDE9A
1519,PDGFC
1520,PDGFD
1521,PDGFRB
1522,PDIA3
1523,PDIA4
1524,PDIA6
1525,PDK3
1526,PDLIM5
1527,PDZK1IP1
1528,PEA15A
1529,PEAR1
1530,PECAM1
1531,PF4
1532,PFAS
1533,PFKM
1534,PFKP
1535,PGLYRP1
1536,PGLYRP2
1537,PGM1
1538,PGM2L1
1539,PGR
1540,PGRMC1
1541,PHACTR2
1542,PHAX
1543,PHB2
1544,PHETA2
1545,PHF10
1546,PHF11B
1547,PHF5A
1548,PHF6
1549,PHF8
1550,PHTF2
1551,PICALM
1552,PIDD1
1553,PIF1
1554,PIGO
1555,PIGQ
1556,PIK3C3
1557,PIK3IP1
1558,PIK3R1
1559,PIK3R2
1560,PIM2
1561,PIMREG
1562,PIP4K2A
1563,PIP4K2B
1564,PIRB
1565,PITPNB
1566,PITPNC1
1567,PITRM1
1568,PJA2
1569,PKD2
1570,PKIA
1571,PKIB
1572,PKLR
1573,PKM
1574,PKN3
1575,PLA2G12A
1576,PLA2G15
1577,PLAA
1578,PLAC8
1579,PLBD2
1580,PLCB2
1581,PLCG2
1582,PLCL1
1583,PLD3
1584,PLD4
1585,PLEC
1586,PLEK
1587,PLEKHA2
1588,PLEKHB1
1589,PLEKHG1
1590,PLEKHG6
1591,PLEKHO2
1592,PLIN2
1593,PLIN3
1594,PLK1
1595,PLK2
1596,PLPP1
1597,PLPPR3
1598,PLSCR4
1599,PLXDC2
1600,PLXNA1
1601,PLXNC1
1602,PML
1603,PMPCA
1604,PNCK
1605,PNO1
1606,POGLUT1
1607,POLA2
1608,POLD1
1609,POLE
1610,POLE3
1611,POLR1B
1612,POLR2B
1613,POLR3F
1614,POMGNT1
1615,POMGNT2
1616,POMK
1617,PON2
1618,POR
1619,PORCN
1620,POT1A
1621,PPA1
1622,PPAT
1623,PPCDC
1624,PPFIA4
1625,PPIC
1626,PPID
1627,PPIL4
1628,PPM1D
1629,PPM1F
1630,PPM1G
1631,PPM1H
1632,PPM1L
1633,PPM1M
1634,PPOX
1635,PPP1CB
1636,PPP1R15A
1637,PPP1R16B
1638,PPP1R9A
1639,PPP2R1B
1640,PPP6C
1641,PQLC1
1642,PQLC3
1643,PRC1
1644,PRCP
1645,PRDM15
1646,PRDM16
1647,PRDM4
1648,PRDM5
1649,PRDX3
1650,PRELID3B
1651,PREP
1652,PRIM1
1653,PRIM2
1654,PRKAA1
1655,PRKAB1
1656,PRKAR2B
1657,PRKCD
1658,PRKCH
1659,PRKCQ
1660,PRMT5
1661,PRMT7
1662,PRMT9
1663,PRNP
1664,PROCR
1665,PRODH
1666,PRPF39
1667,PRPF4
1668,PRPS1
1669,PRPS2
1670,PRR5
1671,PRR5L
1672,PRSS50
1673,PRSS57
1674,PRTN3
1675,PRUNE2
1676,PSAP
1677,PSAT1
1678,PSEN1
1679,PSEN2
1680,PSMC2
1681,PSMC4
1682,PSMD1
1683,PSMD3
1684,PSMD5
1685,PSMD6
1686,PSMD7
1687,PSMD9
1688,PSME3
1689,PSME4
1690,PSMF1
1691,PSMG2
1692,PSTPIP1
1693,PTCD3
1694,PTDSS1
1695,PTDSS2
1696,PTGER2
1697,PTGR1
1698,PTGS1
1699,PTP4A3
1700,PTPN12
1701,PTPN22
1702,PTPN7
1703,PTPRC
1704,PTPRE
1705,PTPRS
1706,PUS7
1707,PUSL1
1708,PWP1
1709,PWP2
1710,PXYLP1
1711,PYGM
1712,QARS
1713,R3HCC1L
1714,RAB11FIP3
1715,RAB18
1716,RAB27B
1717,RAB31
1718,RAB32
1719,RAB37
1720,RAB38
1721,RAB3IL1
1722,RAB40B
1723,RAB44
1724,RAB7B
1725,RABGGTB
1726,RABIF
1727,RACGAP1
1728,RAD21
1729,RAD51
1730,RAD51AP1
1731,RAG2
1732,RALGDS
1733,RAMP1
1734,RAN
1735,RANBP1
1736,RANBP3
1737,RANBP6
1738,RANGAP1
1739,RAP1B
1740,RARB
1741,RARS
1742,RASA3
1743,RASA4
1744,RASAL3
1745,RASSF2
1746,RASSF4
1747,RASSF5
1748,RB1
1749,RBM11
1750,RBM33
1751,RBPMS
1752,RBSN
1753,RCAN3
1754,RCBTB1
1755,RCC1
1756,RCOR1
1757,RCSD1
1758,RDH10
1759,RDH11
1760,REEP6
1761,REL
1762,RESF1
1763,RETREG1
1764,RETREG2
1765,RETREG3
1766,REXO2
1767,REXO4
1768,RFC4
1769,RFC5
1770,RFESD
1771,RGCC
1772,RGS1
1773,RGS18
1774,RGS19
1775,RGS2
1776,RHAG
1777,RHBDF1
1778,RHD
1779,RHOF
1780,RHOH
1781,RHOJ
1782,RHOT1
1783,RIN3
1784,RIPOR2
1785,RLF
1786,RMND5A
1787,RMND5B
1788,RNASE6
1789,RNASEL
1790,RNF115
1791,RNF122
1792,RNF125
1793,RNF128
1794,RNF13
1795,RNF139
1796,RNF141
1797,RNF145
1798,RNF19A
1799,RNF213
1800,RNF38
1801,RNF4
1802,ROBO4
1803,RORA
1804,RORC
1805,RP2
1806,RPA1
1807,RPA2
1808,RPAP1
1809,RPGRIP1L
1810,RPL41
1811,RPN1
1812,RPN2
1813,RPP40
1814,RPRD1B
1815,RPS27L
1816,RPS6KA5
1817,RPS6KC1
1818,RPTOR
1819,RRAD
1820,RRAS
1821,RRM1
1822,RRM2
1823,RSAD2
1824,RTEL1
1825,RTP4
1826,RUNDC1
1827,RUNX1T1
1828,RUNX2
1829,RUSC2
1830,RUVBL2
1831,S100A10
1832,S100A6
1833,S1PR1
1834,S1PR3
1835,SACM1L
1836,SAMD10
1837,SAMD14
1838,SAMD9L
1839,SAMSN1
1840,SAPCD2
1841,SARAF
1842,SASH3
1843,SAT1
1844,SATB1
1845,SBF2
1846,SCAMP1
1847,SCARB1
1848,SCARF1
1849,SCFD1
1850,SCRN3
1851,SDC1
1852,SDC2
1853,SDC4
1854,SDF2L1
1855,SDHA
1856,SDHAF2
1857,SDHD
1858,SDSL
1859,SEC14L1
1860,SEC23A
1861,SEC23IP
1862,SEC24D
1863,SEH1L
1864,SEL1L
1865,SELENBP1
1866,SELENOP
1867,SELL
1868,SELPLG
1869,SEMA3D
1870,SEMA4A
1871,SENP7
1872,SENP8
1873,SEPSECS
1874,SEPT6
1875,SEPT8
1876,SERP1
1877,SERPINA3F
1878,SERPINA3G
1879,SERPINA3N
1880,SERPINB1A
1881,SERPINB6A
1882,SERPINB6B
1883,SERPINB9
1884,SERPINE2
1885,SERPINF1
1886,SESN1
1887,SETD2
1888,SF3B3
1889,SFRP1
1890,SFT2D2
1891,SFT2D3
1892,SFXN1
1893,SGCE
1894,SGMS1
1895,SGMS2
1896,SGO1
1897,SGPP1
1898,SGSM1
1899,SGTA
1900,SH2D3C
1901,SH2D4A
1902,SH2D5
1903,SH3BGRL
1904,SH3BP5
1905,SH3BP5L
1906,SH3TC2
1907,SHCBP1
1908,SHISA5
1909,SHISA8
1910,SHISA9
1911,SHKBP1
1912,SHMT1
1913,SHROOM4
1914,SIGIRR
1915,SIGLECF
1916,SIGLECG
1917,SIRPA
1918,SKAP2
1919,SLA
1920,SLA2
1921,SLAMF1
1922,SLBP
1923,SLC11A2
1924,SLC14A1
1925,SLC16A1
1926,SLC16A10
1927,SLC16A11
1928,SLC16A12
1929,SLC16A2
1930,SLC17A9
1931,SLC18A1
1932,SLC18A2
1933,SLC19A1
1934,SLC19A2
1935,SLC20A1
1936,SLC22A18
1937,SLC22A3
1938,SLC23A2
1939,SLC25A21
1940,SLC25A37
1941,SLC25A38
1942,SLC25A44
1943,SLC25A45
1944,SLC25A46
1945,SLC25A5
1946,SLC26A1
1947,SLC26A11
1948,SLC26A2
1949,SLC27A1
1950,SLC28A2
1951,SLC29A1
1952,SLC2A1
1953,SLC2A3
1954,SLC2A6
1955,SLC30A5
1956,SLC30A6
1957,SLC31A1
1958,SLC34A2
1959,SLC35A4
1960,SLC35B4
1961,SLC35D3
1962,SLC35E1
1963,SLC35F6
1964,SLC35G1
1965,SLC37A1
1966,SLC38A5
1967,SLC39A10
1968,SLC39A13
1969,SLC39A6
1970,SLC39A8
1971,SLC39A9
1972,SLC40A1
1973,SLC41A3
1974,SLC43A1
1975,SLC43A2
1976,SLC43A3
1977,SLC44A2
1978,SLC45A3
1979,SLC46A3
1980,SLC52A2
1981,SLC6A15
1982,SLC6A6
1983,SLC7A4
1984,SLC9A9
1985,SLCO3A1
1986,SLCO4A1
1987,SLFN2
1988,SLFN8
1989,SLPI
1990,SMAD2
1991,SMARCA2
1992,SMC2
1993,SMC4
1994,SMIM1
1995,SMIM13
1996,SMIM15
1997,SMIM5
1998,SMPD1
1999,SMPD2
2000,SMPD4
2001,SMPDL3A
2002,SMU1
2003,SMYD5
2004,SNAP23
2005,SNAP47
2006,SNAPC3
2007,SNCA
2008,SNN
2009,SNRNP200
2010,SNRPB
2011,SNUPN
2012,SNX10
2013,SNX30
2014,SOAT1
2015,SOCS2
2016,SOCS5
2017,SOD1
2018,SORL1
2019,SORT1
2020,SOX18
2021,SP100
2022,SP4
2023,SPATA13
2024,SPC24
2025,SPC25
2026,SPCS3
2027,SPHK1
2028,SPI1
2029,SPIDR
2030,SPIRE1
2031,SPNS2
2032,SPNS3
2033,SPO11
2034,SPON2
2035,SPPL2A
2036,SPPL2B
2037,SPRYD4
2038,SPTA1
2039,SPTB
2040,SPTBN1
2041,SPTLC1
2042,SPTY2D1
2043,SQLE
2044,SQOR
2045,SRBD1
2046,SRGAP3
2047,SRM
2048,SRSF1
2049,SSH2
2050,SSH3
2051,SSR1
2052,SSR2
2053,SSTR2
2054,SSX2IP
2055,ST3GAL5
2056,ST3GAL6
2057,ST6GALNAC3
2058,ST6GALNAC4
2059,ST8SIA4
2060,STAG2
2061,STAM
2062,STAMBPL1
2063,STAP1
2064,STARD10
2065,STARD4
2066,STAT3
2067,STEAP3
2068,STIL
2069,STIP1
2070,STK10
2071,STK17B
2072,STK25
2073,STK38
2074,STOM
2075,STRAP
2076,STRN3
2077,STT3A
2078,STT3B
2079,STX11
2080,STX17
2081,STXBP1
2082,STXBP3
2083,STXBP4
2084,SULT1A1
2085,SUMF1
2086,SUMO3
2087,SUN1
2088,SUPT7L
2089,SUPV3L1
2090,SUSD3
2091,SVIP
2092,SYDE1
2093,SYK
2094,SYNJ1
2095,SYNRG
2096,SYTL1
2097,SZT2
2098,TAB1
2099,TAB3
2100,TACC3
2101,TAF1
2102,TAF12
2103,TAF9B
2104,TALDO1
2105,TANGO2
2106,TAPT1
2107,TARS
2108,TASP1
2109,TBC1D10C
2110,TBC1D15
2111,TBC1D24
2112,TBC1D25
2113,TBC1D2B
2114,TBC1D4
2115,TBC1D5
2116,TBC1D8
2117,TBC1D9B
2118,TBCD
2119,TBL3
2120,TBXA2R
2121,TBXAS1
2122,TCAF1
2123,TCEA2
2124,TCF12
2125,TCF19
2126,TCIRG1
2127,TCN2
2128,TCP1
2129,TCP11L2
2130,TCTN3
2131,TEAD2
2132,TEC
2133,TECPR1
2134,TEK
2135,TENT5A
2136,TES
2137,TESPA1
2138,TET1
2139,TEX10
2140,TFEC
2141,TFG
2142,TFPI
2143,TFR2
2144,TFRC
2145,TGFBR1
2146,TGM2
2147,TGTP1
2148,TGTP2
2149,THA1
2150,THADA
2151,THBS1
2152,THEMIS2
2153,THSD1
2154,THUMPD1
2155,THUMPD3
2156,TIE1
2157,TIFA
2158,TIFAB
2159,TIMM29
2160,TIMM50
2161,TIMP3
2162,TINAGL1
2163,TIPIN
2164,TK1
2165,TLE2
2166,TLK1
2167,TLR7
2168,TM4SF1
2169,TM6SF1
2170,TM7SF3
2171,TM9SF2
2172,TMBIM1
2173,TMC6
2174,TMEM106A
2175,TMEM109
2176,TMEM123
2177,TMEM129
2178,TMEM147
2179,TMEM14C
2180,TMEM154
2181,TMEM164
2182,TMEM173
2183,TMEM176A
2184,TMEM176B
2185,TMEM177
2186,TMEM18
2187,TMEM184C
2188,TMEM185A
2189,TMEM186
2190,TMEM206
2191,TMEM209
2192,TMEM229B
2193,TMEM246
2194,TMEM263
2195,TMEM268
2196,TMEM273
2197,TMEM33
2198,TMEM37
2199,TMEM38A
2200,TMEM43
2201,TMEM50B
2202,TMEM56
2203,TMEM64
2204,TMEM68
2205,TMEM71
2206,TMEM8
2207,TMEM97
2208,TMEM9B
2209,TMSB4X
2210,TMUB2
2211,TMX1
2212,TMX3
2213,TMX4
2214,TNFAIP2
2215,TNFAIP8
2216,TNFRSF13B
2217,TNFRSF13C
2218,TNFRSF1B
2219,TNFRSF26
2220,TNFSF10
2221,TNFSF14
2222,TNIP3
2223,TNPO1
2224,TNS2
2225,TOLLIP
2226,TOM1L1
2227,TOMM22
2228,TOMM40
2229,TOMM70A
2230,TOP2A
2231,TOP3B
2232,TOPORS
2233,TOR1AIP2
2234,TOR3A
2235,TOX
2236,TOX4
2237,TPM4
2238,TPP1
2239,TPX2
2240,TRAF1
2241,TREM3
2242,TREML2
2243,TRIB2
2244,TRIB3
2245,TRIM10
2246,TRIM12A
2247,TRIM16
2248,TRIM23
2249,TRIM30A
2250,TRIM30D
2251,TRIM35
2252,TRIM39
2253,TRIM47
2254,TRIM59
2255,TRIQK
2256,TRMT11
2257,TRMT12
2258,TRMT2A
2259,TRMT6
2260,TRPC6
2261,TRPS1
2262,TRPV2
2263,TSC22D1
2264,TSC22D3
2265,TSPAN13
2266,TSPAN14
2267,TSPAN2
2268,TSPAN3
2269,TSPAN33
2270,TSPAN8
2271,TSPO2
2272,TSPOAP1
2273,TTC21B
2274,TTC39B
2275,TTC39C
2276,TTF1
2277,TTF2
2278,TTLL12
2279,TTLL7
2280,TTPAL
2281,TUBA1B
2282,TUBA4A
2283,TUBA8
2284,TUBB4B
2285,TUBB5
2286,TUBGCP2
2287,TUBGCP3
2288,TUBGCP5
2289,TVP23B
2290,TWSG1
2291,TXN2
2292,TXNDC11
2293,TXNDC5
2294,TXNIP
2295,TXNL1
2296,TXNRD2
2297,TYK2
2298,TYMS
2299,TYROBP
2300,UAP1
2301,UAP1L1
2302,UBA2
2303,UBA3
2304,UBA5
2305,UBA6
2306,UBA7
2307,UBAC1
2308,UBAP1
2309,UBASH3A
2310,UBE2C
2311,UBE2CBP
2312,UBE2G2
2313,UBE2L6
2314,UBIAD1
2315,UBL4A
2316,UBOX5
2317,UBR1
2318,UBR7
2319,UBXN11
2320,UBXN2B
2321,UCP2
2322,UGCG
2323,UHRF1
2324,UMPS
2325,UNC119B
2326,UNC93B1
2327,UNK
2328,UPP1
2329,UQCR11
2330,UQCRC1
2331,UQCRFS1
2332,UROD
2333,UROS
2334,USF3
2335,USP10
2336,USP11
2337,USP14
2338,USP15
2339,USP20
2340,USP22
2341,USP25
2342,USP32
2343,USP37
2344,USP4
2345,USP42
2346,USP46
2347,USP48
2348,UTP4
2349,VAMP3
2350,VAMP5
2351,VARS
2352,VAV1
2353,VAV3
2354,VDAC1
2355,VDAC2
2356,VDR
2357,VEGFC
2358,VILL
2359,VIM
2360,VIPR2
2361,VKORC1L1
2362,VLDLR
2363,VNN1
2364,VOPP1
2365,VPS11
2366,VPS26B
2367,VPS26C
2368,VPS33A
2369,VPS33B
2370,VPS35
2371,VPS41
2372,VPS50
2373,VSIR
2374,VWF
2375,WARS
2376,WDHD1
2377,WDR36
2378,WDR4
2379,WDR43
2380,WDR5
2381,WDR55
2382,WDR6
2383,WDR62
2384,WDR7
2385,WDR73
2386,WDR75
2387,WDSUB1
2388,WFDC17
2389,WFDC18
2390,WFDC2
2391,WLS
2392,WSB1
2393,XAB2
2394,XAF1
2395,XDH
2396,XK
2397,XPC
2398,XPNPEP1
2399,XPR1
2400,XRCC2
2401,XRCC3
2402,XRCC5
2403,XRCC6
2404,YBX1
2405,YBX3
2406,YIPF6
2407,YOD1
2408,YPEL3
2409,ZBTB20
2410,ZBTB38
2411,ZBTB4
2412,ZBTB40
2413,ZBTB43
2414,ZDHHC13
2415,ZDHHC24
2416,ZDHHC6
2417,ZEB2
2418,ZFAND5
2419,ZFP101
2420,ZFP110
2421,ZFP143
2422,ZFP160
2423,ZFP24
2424,ZFP260
2425,ZFP266
2426,ZFP275
2427,ZFP322A
2428,ZFP346
2429,ZFP35
2430,ZFP36
2431,ZFP367
2432,ZFP37
2433,ZFP39
2434,ZFP397
2435,ZFP422
2436,ZFP445
2437,ZFP451
2438,ZFP467
2439,ZFP521
2440,ZFP592
2441,ZFP61
2442,ZFP612
2443,ZFP62
2444,ZFP639
2445,ZFP655
2446,ZFP658
2447,ZFP672
2448,ZFP7
2449,ZFP74
2450,ZFP808
2451,ZFP871
2452,ZFP930
2453,ZFP932
2454,ZFP934
2455,ZFP943
2456,ZFP944
2457,ZFP945
2458,ZFP952
2459,ZFP954
2460,ZFP961
2461,ZFR
2462,ZHX1
2463,ZKSCAN3
2464,ZMAT1
2465,ZMIZ1
2466,ZMYM3
2467,ZNFX1
2468,ZNRF2
2469,ZRANB1
2470,ZSCAN12
2471,ZSCAN21
2472,ZSCAN22
2473,ZYX
2474,ZZZ3
